{
    "loss": 0.5246379375457764,
    "accuracy": 0.931034505367279
}