{
    "loss": 0.5221679210662842,
    "accuracy": 0.9482758641242981
}