{
    "loss": 0.7590227723121643,
    "accuracy": 0.9396551847457886
}