{
    "loss": 1.9191291332244873,
    "accuracy": 0.818965494632721
}