{
    "loss": 0.7651037573814392,
    "accuracy": 0.9137930870056152
}