{
    "loss": 0.7840703129768372,
    "accuracy": 0.9137930870056152
}